{
  "best_idx": [
    38,
    53,
    15
  ],
  "worst_idx": [
    26,
    6,
    5
  ],
  "best_corr": [
    0.733611636392719,
    0.605350824582375,
    0.5859402447680818
  ],
  "worst_corr": [
    -0.10435288080815994,
    -0.020419630763416696,
    -0.009089142369501186
  ],
  "best_types": [
    "E",
    "I",
    "E"
  ],
  "worst_types": [
    "E",
    "E",
    "E"
  ]
}