{"train_total": [1.9174729585647583, 1.8169149160385132, 53.790035247802734, 54.31196975708008, 6.768148068658775e-06, 1.985267317650141e-06, 2.024411969614448e-06, 2.064331738438341e-06, 2.1050445866421796e-06, 2.1465652935148682e-06, 2.188909320466337e-06, 2.232092356280191e-06, 2.276130999234738e-06, 2.321040710739908e-06, 2.3668392259423854e-06, 2.413542233625776e-06, 2.4611688331788173e-06, 2.5097367597481934e-06, 2.5592639758542646e-06, 2.6097704903804697e-06, 2.6612751753418706e-06, 2.713797812248231e-06, 2.7673593194776913e-06, 2.8219806154083926e-06, 2.8776823910448e-06, 2.9344873837544583e-06, 2.9924165119155077e-06, 3.051494104511221e-06, 3.111742671535467e-06, 3.173186087224167e-06, 3.2358491353079444e-06, 3.299755690022721e-06, 3.364931671967497e-06, 3.4314034564886242e-06, 3.4991967368114274e-06, 3.568337888282258e-06, 3.638855559984222e-06, 3.7107786283741007e-06, 3.784135287787649e-06, 3.8589541873079725e-06, 3.935266704502283e-06, 4.013102170574712e-06, 4.092492872587172e-06, 4.173470642854227e-06, 4.25606867793249e-06, 4.340320174378576e-06, 4.426259692991152e-06, 4.5139199755794834e-06, 4.603340130415745e-06, 4.694554263551254e-06, 4.787600119016133e-06, 4.882514986093156e-06, 4.979340701538604e-06, 5.078113645140547e-06, 5.178875198907917e-06, 5.281667654344346e-06, 5.386531483964063e-06, 5.494700417330023e-06, 5.60504804525408e-06, 5.717616204492515e-06, 5.832450824527768e-06, 5.949597380094929e-06, 6.0691008911817335e-06, 6.1910104705020785e-06, 6.315373411780456e-06, 6.442239282478113e-06, 6.571659014298348e-06, 6.7036830841971096e-06, 6.838363333372399e-06, 6.9757566052430775e-06, 7.115915195754496e-06, 7.2588964030728675e-06, 7.404755706374999e-06, 7.553553132311208e-06, 7.705346433795057e-06, 7.860197001718916e-06, 8.01816895545926e-06, 8.179322321666405e-06, 8.343724402948283e-06, 8.51143977342872e-06, 8.68253755470505e-06, 8.857084139890503e-06, 9.03515137906652e-06, 9.216809303325135e-06, 9.402131581737194e-06, 9.591193702362943e-06, 9.784073881746735e-06, 9.980846698454116e-06, 1.018159218801884e-05, 1.0386392204964068e-05, 1.059532951330766e-05, 1.080848687706748e-05, 1.1025949788745493e-05, 1.124781192629598e-05, 1.1474158782220911e-05, 1.1705082215485163e-05, 1.1940674994548317e-05, 1.2181034435343463e-05, 1.2426256944308989e-05, 1.2676444384851493e-05, 1.2931693163409363e-05, 1.3192108781368006e-05, 1.3457797649607528e-05, 1.3728869816986844e-05, 1.4005429875396658e-05], "val_total": [1.7133456468582153, 100.0, 99.42772674560547, 6.13017073192168e-06, 1.9654146399261663e-06, 2.0041679817950353e-06, 2.04368848244485e-06, 2.0839941043959698e-06, 2.125099626937299e-06, 2.1670202841050923e-06, 2.2097715373092797e-06, 2.2533695300808176e-06, 2.2978304059506627e-06, 2.3431709905707976e-06, 2.389406972724828e-06, 2.4365572244278155e-06, 2.484639480826445e-06, 2.5336712496937253e-06, 2.583672767286771e-06, 2.634662450873293e-06, 2.686660081963055e-06, 2.739685896813171e-06, 2.793760813801782e-06, 2.8489057513070293e-06, 2.9051425372017547e-06, 2.9624925446114503e-06, 3.0209791930246865e-06, 3.0806254471826833e-06, 3.1414544992003357e-06, 3.203490450687241e-06, 3.2667583127476973e-06, 3.331282641738653e-06, 3.397089358259109e-06, 3.4642048376554158e-06, 3.532654773152899e-06, 3.6024673590873135e-06, 3.673671244541765e-06, 3.7462939417309826e-06, 3.820364781859098e-06, 3.895914232998621e-06, 3.972971171606332e-06, 4.051568339491496e-06, 4.131736659473972e-06, 4.213508418615675e-06, 4.296917268220568e-06, 4.381997314339969e-06, 4.468781298783142e-06, 4.55730696558021e-06, 4.647608875529841e-06, 4.739724772662157e-06, 4.83369058201788e-06, 4.9295476856059395e-06, 5.027332917961758e-06, 5.127087206346914e-06, 5.228851023275638e-06, 5.3326666602515616e-06, 5.439753749669762e-06, 5.548997705773218e-06, 5.66044082006556e-06, 5.774126748292474e-06, 5.890101874683751e-06, 6.008410764479777e-06, 6.129101166152395e-06, 6.252220828173449e-06, 6.377817499014782e-06, 6.505943019874394e-06, 6.636646958213532e-06, 6.769980700482847e-06, 6.9059997258591466e-06, 7.044756785035133e-06, 7.1863082666823175e-06, 7.330708740482805e-06, 7.478017778339563e-06, 7.628293587913504e-06, 7.781595741107594e-06, 7.937987902550958e-06, 8.097529644146562e-06, 8.260288268502336e-06, 8.426326530752704e-06, 8.595712643000297e-06, 8.768513907853048e-06, 8.944800356402993e-06, 9.12464292923687e-06, 9.308111657446716e-06, 9.49528293858748e-06, 9.686234079708811e-06, 9.881038749881554e-06, 1.0079776984639466e-05, 1.0282528819516301e-05, 1.0489377018529922e-05, 1.0700402526708785e-05, 1.091569174604956e-05, 1.1135334716527723e-05, 1.1359418749634642e-05, 1.158803206635639e-05, 1.1821269254141953e-05, 1.2059225809935015e-05, 1.2301995411689859e-05, 1.2549681741802488e-05, 1.2802378478227183e-05, 1.3060189303359948e-05, 1.3323222447070293e-05, 1.3591582501248922e-05, 1.3865377695765346e-05, 1.4144720807962585e-05], "train_L_neuron": [1.9354074001312256, 1.8625884056091309, 2.07514966422664e+18, 7.85438259956297e+20, 68335878275072.0, 3559496.75, 1.2103335857391357, 1.7421252727508545, 1.7955106496810913, 1.8213374614715576, 1.83734929561615, 1.8484845161437988, 1.8567262887954712, 1.8631901741027832, 1.8683056831359863, 1.8725494146347046, 1.8760274648666382, 1.878991961479187, 1.881499171257019, 1.8836710453033447, 1.8855407238006592, 1.8871904611587524, 1.8886215686798096, 1.8898674249649048, 1.8910009860992432, 1.8919923305511475, 1.8928730487823486, 1.8936846256256104, 1.8943564891815186, 1.894976258277893, 1.8955652713775635, 1.8960784673690796, 1.8965365886688232, 1.896957278251648, 1.8973126411437988, 1.8976534605026245, 1.8979613780975342, 1.8982406854629517, 1.8984870910644531, 1.8987022638320923, 1.8988922834396362, 1.8990899324417114, 1.8992414474487305, 1.8994065523147583, 1.899548888206482, 1.8996853828430176, 1.8997761011123657, 1.8998949527740479, 1.8999711275100708, 1.9000625610351562, 1.9001210927963257, 1.9001928567886353, 1.900269865989685, 1.9003318548202515, 1.9003815650939941, 1.9004251956939697, 1.90047025680542, 1.9004744291305542, 1.9005018472671509, 1.9005106687545776, 1.9005451202392578, 1.900551199913025, 1.9005571603775024, 1.9005744457244873, 1.9005764722824097, 1.9005903005599976, 1.9005906581878662, 1.9006015062332153, 1.9006001949310303, 1.900606393814087, 1.9006329774856567, 1.9006303548812866, 1.900633454322815, 1.900633692741394, 1.9006325006484985, 1.9006500244140625, 1.9006426334381104, 1.9006516933441162, 1.9006305932998657, 1.9006565809249878, 1.9006470441818237, 1.9006445407867432, 1.9006478786468506, 1.900669813156128, 1.900657057762146, 1.9006478786468506, 1.9006669521331787, 1.900654673576355, 1.9006545543670654, 1.9006565809249878, 1.9006661176681519, 1.900663137435913, 1.9006773233413696, 1.900663137435913, 1.9006798267364502, 1.9006648063659668, 1.9006706476211548, 1.9006623029708862, 1.9006636142730713, 1.9006640911102295, 1.9006716012954712, 1.900671124458313, 1.9006723165512085, 1.900673747062683, 1.9006669521331787],