{
  "n_e": 76,
  "n_i": 33,
  "e_reward_mean": -0.02698773758128628,
  "e_salience_mean": -0.02283871316593873,
  "i_reward_mean": 0.0004944268669451392,
  "i_salience_mean": -0.029600234426476968
}