{
  "mean_model": 0.012543328748734055,
  "mean_recorded": 0.01781656354921331,
  "ks_stat": 0.12651515151515152,
  "ks_pval": 0.7479443074647775,
  "cohens_d": -0.24393469249806235,
  "n_model": 120,
  "n_recorded": 33
}