{
  "r_reward": 0.0850406340537833,
  "p_reward": 0.46514275569014846,
  "r_salience": -0.24533573836915695,
  "p_salience": 0.03267100464538634,
  "n_e_neurons": 76
}