{
  "best_val_corr": 0.3828294469336337,
  "final_val_corr": 0.38016451762442277,
  "epochs_trained": 500,
  "tau_values": {
    "tau": 50.0
  },
  "alpha_values": {
    "alpha": 0.5
  },
  "h0_values": {
    "mean": 0.3047940135002136,
    "std": 0.19884730875492096,
    "min": -0.17114414274692535,
    "max": 0.6351967453956604
  },
  "config": {
    "input_embed_dim": 56,
    "input_embed_type": "attention",
    "attention_heads": 4,
    "learnable_h0": true,
    "h0_init": 0.1,
    "use_grad_balancing": true,
    "ltrial_scale": 0.5,
    "name": "bypass_dale",
    "bypass_dale": true,
    "max_epochs": 500,
    "patience": 100
  }
}