{
  "best_val_corr": 0.3841957494077499,
  "final_val_corr": 0.3646302334371959,
  "epochs_trained": 500,
  "tau_values": {
    "tau": 50.0
  },
  "alpha_values": {
    "alpha": 0.5
  },
  "h0_values": {
    "mean": 0.2059767097234726,
    "std": 0.1824556142091751,
    "min": -0.36828574538230896,
    "max": 0.4974476397037506
  },
  "config": {
    "input_embed_dim": 56,
    "input_embed_type": "attention",
    "attention_heads": 4,
    "learnable_h0": true,
    "h0_init": 0.1,
    "use_grad_balancing": true,
    "ltrial_scale": 0.5,
    "name": "noise_0.5",
    "noise_scale": 0.5,
    "max_epochs": 500,
    "patience": 100
  }
}