{
  "timestamp": "2026-01-24T17:30:29.550403",
  "data_path": "data/rnn_export_Newton_08_15_2025_SC.mat",
  "phase4_best": 0.4021,
  "results": {
    "poisson_ltrial": {
      "best_val_corr": 0.36618308222118623,
      "final_val_corr": 0.36199016109562315,
      "epochs_trained": 500,
      "tau_values": {
        "tau": 50.0
      },
      "alpha_values": {
        "alpha": 0.5
      },
      "h0_values": {
        "mean": 0.24141505360603333,
        "std": 0.12081649899482727,
        "min": -0.07794315367937088,
        "max": 0.44844546914100647
      },
      "error": null
    },
    "low_rank_50": {
      "best_val_corr": 0.39890245457295975,
      "final_val_corr": 0.39743645521289594,
      "epochs_trained": 500,
      "tau_values": {
        "tau": 50.0
      },
      "alpha_values": {
        "alpha": 0.5
      },
      "h0_values": {
        "mean": 0.37855052947998047,
        "std": 0.19026783108711243,
        "min": -0.2946072816848755,
        "max": 0.6601157784461975
      },
      "error": null
    }
  }
}