{
  "best_idx": [
    38,
    53,
    46
  ],
  "worst_idx": [
    26,
    51,
    4
  ],
  "best_corr": [
    0.7381200703809715,
    0.6775333652640709,
    0.6631970238199929
  ],
  "worst_corr": [
    -0.08019517267175838,
    -0.007478365583139909,
    0.0353165211970716
  ],
  "best_types": [
    "E",
    "I",
    "I"
  ],
  "worst_types": [
    "E",
    "I",
    "E"
  ]
}